"0","subsetByOverlaps(range_1, range_2)
"
"1",""
"1",""
"1","IRanges object with 4 ranges and 0 metadata columns"
"1",""
"1",":
"
"1","     "
"1","     start"
"1","       end"
"1","     width"
"1","
     "
"1"," <integer>"
"1"," <integer>"
"1"," <integer>"
"1","
  [1]"
"1","         4"
"1","         9"
"1","         6"
"1","
  [2]"
"1","         5"
"1","         9"
"1","         5"
"1","
  [3]"
"1","         8"
"1","        13"
"1","         6"
"1","
  [4]"
"1","         3"
"1","        13"
"1","        11"
"1","
"
